<application>
  <component name="ExportableFileTemplateSettings">
    <default_templates>
      <template name="CustomView.kt" file-name="${NAME}/#parse(&quot;SnakeCaseToCamelCase.kt&quot;)Contract" reformat="true" live-template-enabled="false">
        <template name="CustomView.kt.child.1.kt" file-name="${NAME}/#parse(&quot;SnakeCaseToCamelCase.kt&quot;)Presenter" reformat="true" live-template-enabled="false" />
        <template name="CustomView.kt.child.2.kt" file-name="${NAME}/#parse(&quot;SnakeCaseToCamelCase.kt&quot;)" reformat="true" live-template-enabled="false" />
        <template name="CustomView.kt.child.0.xml" file-name="#parse(&quot;ResPath.kt&quot;)/layout/${NAME}" reformat="true" live-template-enabled="false" />
      </template>
      <template name="CustomView.kt.child.0.xml" file-name="#parse(&quot;ResPath.kt&quot;)/layout/${NAME}" reformat="true" live-template-enabled="false" />
      <template name="CustomView.kt.child.1.kt" file-name="${NAME}/#parse(&quot;SnakeCaseToCamelCase.kt&quot;)Presenter" reformat="true" live-template-enabled="false" />
      <template name="CustomView.kt.child.2.kt" file-name="${NAME}/#parse(&quot;SnakeCaseToCamelCase.kt&quot;)" reformat="true" live-template-enabled="false" />
      <template name="CustomViewSplitRessources.kt" file-name="${NAME}/#parse(&quot;SnakeCaseToCamelCase.kt&quot;)Contract" reformat="true" live-template-enabled="false">
        <template name="CustomViewSplitRessources.kt.child.2.kt" file-name="${NAME}/#parse(&quot;SnakeCaseToCamelCase.kt&quot;)" reformat="true" live-template-enabled="false" />
        <template name="CustomViewSplitRessources.kt.child.1.kt" file-name="${NAME}/#parse(&quot;SnakeCaseToCamelCase.kt&quot;)Presenter " reformat="true" live-template-enabled="false" />
        <template name="CustomViewSplitRessources.kt.child.0.xml" file-name="#parse(&quot;ResPath.kt&quot;)/${NAME}/layout/${NAME}" reformat="true" live-template-enabled="false" />
      </template>
      <template name="CustomViewSplitRessources.kt.child.0.xml" file-name="#parse(&quot;ResPath.kt&quot;)/${NAME}/layout/${NAME}" reformat="true" live-template-enabled="false" />
      <template name="CustomViewSplitRessources.kt.child.1.kt" file-name="${NAME}/#parse(&quot;SnakeCaseToCamelCase.kt&quot;)Presenter " reformat="true" live-template-enabled="false" />
      <template name="CustomViewSplitRessources.kt.child.2.kt" file-name="${NAME}/#parse(&quot;SnakeCaseToCamelCase.kt&quot;)" reformat="true" live-template-enabled="false" />
      <template name="Graph.kt" file-name="${NAME}/#parse(&quot;SnakeCaseToCamelCase.kt&quot;)" reformat="true" live-template-enabled="false" />
      <template name="Manager.kt" file-name="#parse(&quot;FolderToCamelCase.kt&quot;)Manager" reformat="true" live-template-enabled="false">
        <template name="Manager.kt.child.0.kt" file-name="#parse(&quot;FolderToCamelCase.kt&quot;)Module" reformat="true" live-template-enabled="false" />
        <template name="Manager.kt.child.1.kt" file-name="#parse(&quot;FolderToCamelCase.kt&quot;)ManagerImpl" reformat="true" live-template-enabled="false" />
      </template>
      <template name="Manager.kt.child.0.kt" file-name="#parse(&quot;FolderToCamelCase.kt&quot;)Module" reformat="true" live-template-enabled="false" />
      <template name="Manager.kt.child.1.kt" file-name="#parse(&quot;FolderToCamelCase.kt&quot;)ManagerImpl" reformat="true" live-template-enabled="false" />
      <template name="MockSharedPreferences.kt" file-name="MockSharedPreferences" reformat="true" live-template-enabled="false" />
      <template name="Repository.kt" file-name="#parse(&quot;FolderToCamelCase.kt&quot;)Repository" reformat="true" live-template-enabled="false">
        <template name="Repository.kt.child.1.kt" file-name="#parse(&quot;FolderToCamelCase.kt&quot;)RepositoryImpl" reformat="true" live-template-enabled="false" />
      </template>
      <template name="Repository.kt.child.1.kt" file-name="#parse(&quot;FolderToCamelCase.kt&quot;)RepositoryImpl" reformat="true" live-template-enabled="false" />
      <template name="ViewModel.kt" file-name="#parse(&quot;FolderToCamelCase.kt&quot;)Model" reformat="true" live-template-enabled="false" />
    </default_templates>
  </component>
</application>